web_scraper_order,web_scraper_start_url,data,price,data2,price2,image,image2
"1771750582-1","https://eleveprints.com/en-usd/collections/t-shirts","Flaming Confidence T-Shirt","$22.00","+4","","https://imgproxy.fourthwall.com/UC3pEngHRD4m0b3gDyj5GINrWtpEMx1cwAmQBGqwQYs/w:720/sm:1/enc/ReXm0rLBfojDFLWr/GTZmi-OBoj35lFAo/L4IeSJX0wXRM57kj/62-_2NTKGglU8m2d/vzm7KWXAxGSsPp7d/EUlU6ntlfYF4QIKU/V1XUWHDrG49mW_5v/zXvwq66dpSQvLWQX/CyTvKeAKTTpgfCc7/O-6nCud9RwanFYYm/AMkLDU-j4BMT2oDK/vTXyIs43TbaE0rkp/WtxShBn6QUujJ8sr/kTaMlw","https://imgproxy.fourthwall.com/L0mDoOKB58i3JEaAim6r19lhwF9AMv00nC_Guap5iL0/w:720/sm:1/enc/I_S5lpjaOof-TiEg/hQKbK_lBr428sM4N/hjoyo6NERexp_5B1/1Z91kNoRF5F79_El/KLXwiXskUlq1w5IN/He1ilyZxhBoGU3kz/WSkVjH52RxPZs8Y-/I8FJ3kjgfYW6ZrSW/3nsjI1IMm81Mwp-W/E4L3VkeBVgS_kyE-/gOpHE3WrMrEtEKft/06C2outPXx_Qqbbk/piea9QwG1gXR-bAB/yp04hw"
"1771750582-2","https://eleveprints.com/en-usd/collections/t-shirts","Rugged Rider Skull Graphic Tee","$27.00","+12","","https://imgproxy.fourthwall.com/0CcqGsKjevtViQXTQrkLaiWsWTkAuM1cqJroORE2dac/w:720/sm:1/enc/qlNbZnT5BEFM2dY8/n8Qwy08VPtVaX5FV/noyb4SKJ4PTKs8Sy/PxY60lnGEl5KClN2/Sfu5CQp9OreHwmCq/UKl9oMWH22i5nGcu/QpTxjgvjovtvkSAL/jRuvxD5ft4CiotYu/rujPcQI3oMMbeArM/1j2-vM3-lDSJ_bCt/7FQcowZFuHaLV7Wq/TuIOgsYjLhxXNEh5/3QsmM61fP4zCAc9a/LAUABAZeuZLRKJxI/w8IzG3N6QEU","https://imgproxy.fourthwall.com/L0p9c1sSC67sqrpzJTZ7NZMz_cvn_Ws2tazTnw6AlP4/w:720/sm:1/enc/K-Ie5lPlVvOPx_06/ygBEksGJZ74NEwrB/oEBVXB8zry2t3357/MTYedrUEnyjQyLrm/YsHhAvJd99Q2OBFD/Y2B_3pO0ht05rig0/xW6DXRWI1ti4G_jO/pEj7WhgXb5XV3A9t/7AojCjyxj_CcstsL/pZBr7GN6W02wszkz/DuMaGDTaxv3low4n/fHNbnHoOjQsMNQvJ/c22wia31IcR35b97/bSJEEF897UtDurQ9/FhUFp6zgQDo"
"1771750582-3","https://eleveprints.com/en-usd/collections/t-shirts","Eyes of Tomorrow Unisex T-Shirt","$15.00","+3","","https://imgproxy.fourthwall.com/Dx3C_uDYfn5RVWyRlxpvU9y5iD1VjQ1ISl16Ys3FEkA/w:720/sm:1/enc/zyIXuOzlxMPrUp5g/mo4_lh2wmK_9DePi/N1VMNFpahPobDrPW/9EitRH-pQWRQAV3-/5XjlJ29rRXvwieQq/5-YkfPbz2_gWh2LB/3abrYO8FWfVGgZVH/9KDdijJ3iLEsAh9w/Cb622Zm2iaDCmRgQ/H9oMJqZW-qPH3j9V/KQtVfaAq4GfRpLbu/QrMa-M-N-QmgT2sx/mHxBMtPGuoox7b14/K8YJVuLnrNL1SRZx/U6VqvjwVikA","https://imgproxy.fourthwall.com/eOxmpwHJaSaw7sbhZPbBxxtdrvZkyZs5Y458J6JRVTs/w:720/sm:1/enc/61Q84Ox4RP01QcE3/lecSLFx2ZTsNqFyj/e-tk1N6gq_X0e7oa/5J_NTwPK7dOflqvo/upgpj4KEj3oTYxyL/v15XqUmWIYYdZ1YM/7sOFkfHF33GyThzS/jE8J2u_8wt_0iJ-a/qvEsAodZcFeQvobu/Yox2XzIo2yU9f2HH/YWUcmsFCBKc1h6F7/FvDLWzMiQMRnmZz7/_9AK7CZAUcq7giKY/Qyt-xzuZjtAJT50s/YEWBLq22rZ4"
"1771750582-4","https://eleveprints.com/en-usd/collections/t-shirts","Japanese Kanji Circle Unisex T-Shirt","$15.00","","","https://imgproxy.fourthwall.com/e4SqY_60LyrPInHg1pcP_v7Q690EozQ3WDlUbj5RcIo/w:720/sm:1/enc/X8PHQ_lqG_Iz-BsH/Nmymb44iTRx78aQJ/Qp6ybs8-dssqD75g/gJtLeZ9IiE9TyD1X/q5Lwsg1r3crQhGcC/9JDLE0ENUXghLqCj/biWq3FRH0iSpOE5w/XZNfS5_P1Fq4UxL9/5dHHo1ath4g4ZRE3/iy8M5ChmCi6vOeCa/ljvR6dTi_v1a-tOa/aOov7NeVTl2r2bPN/ra0InzHFzqcRaj0w/nzG49yXzmsbPDvth/2C-pemUp_YE","https://imgproxy.fourthwall.com/R0pTJupGTpO3TnkYq3Al9S2UOTE68LI3IbqsRQvBo2k/w:720/sm:1/enc/IsU0j_k4laesbpIV/VBhSneEEI5_aY6b3/heP36snZBxMY-mAR/mT75y6p-3Plnt5fQ/twEOaKtR-xCWy7Rs/tbRnszZtn40YI7Lt/LLoUX0-lEBg9ICSD/3vXoTrctJOGBbsnv/zvXuddaRJEN0t16u/dWQoDCspdvT1DLvN/njHJejHWf9v7kDuM/GfAvSncUJjdK_ROg/Bd9NLDHDb3syUjva/3LSyI5UAMAGE6151/stjD1kmw87Y"
"1771750582-5","https://eleveprints.com/en-usd/collections/t-shirts","Sonic Skull Vibes T-Shirt","$26.99","+12","$45.99","https://imgproxy.fourthwall.com/Hek2eEKZ7XofwkxkxrH7esWBzLMHzDr2lBVqxB40Z-E/w:720/sm:1/enc/mGCDkv5tjfaUgOH1/j4tLYiZ2glg9PO9s/w248vFbobkFSoYEm/oAHxxviKs-h76iOw/oIm1R4OmWuheCuMk/8wgmQqdSwoiwZ88I/jaJIKpbumjX3ixRC/6djHVTC28_doeIBx/YscnnTIOhB4WoCo3/eUfVhUz7Z4Sl3-nL/gdp9RYZIF3tNRx-S/e5ysMa69BLCfgjMU/aavtzhUD-znDf_gn/cyc_cOAsbZzqXJT9/OVnUleo61xM","https://imgproxy.fourthwall.com/deoQsDVl82V-h0X8teya6nScAVpHVuPM3jqmMET7ig4/w:720/sm:1/enc/IUJEeLkWc9pGV7aj/GRQoR888njGZTyzH/q_DJIbIJ5Q6xhD05/uFM9fFq0YoaSSAiI/aorz6TwXwFPoRgOL/ng-2jvzu0jgS0fDg/pqrkkmrDWehyUL6U/g7qpvDfhxPEcklr0/vJjVKBWBrRnDJVuv/EQNLCvj9xYJec6-n/lsAASliUZKdfo9_2/-ogrP---aSpQ2XCj/cfgPF0pWYX6uZdlS/Dl8xoHyrBeH7D-3v/gqQ5eKfnuIU"
"1771750582-6","https://eleveprints.com/en-usd/collections/t-shirts","Freedom Graffiti Classic T-Shirt","$25.00","+10","","https://imgproxy.fourthwall.com/xDXEgzXEmqFE-uRcb7IzgIolpn5jsXX3djiJ1Gekjxg/w:720/sm:1/enc/iNS6nh1ETsMETQ5W/3UUdYYOWNGvK0Hf4/lII73Iz8OMTHg_7K/7mgatAMEjryU_wHE/65hYXU08FeEFEcZA/DsU9ubKGHOuGuLwv/H6B1V29FO-Qx1h0O/qH9ivBDAI4tFxO1G/7pO5_e4cmKRH7QOv/FctbPbXx203DngAQ/v2ZX8PD-iyovGziC/GnpVrTIO5VKviuMw/p6OprehsVayMu1WK/BqavsoOmY_Px15zc/cxwZ9XVmBRc","https://imgproxy.fourthwall.com/HKbCqB2IuH5lV1l56-itLcVLkYKD2R-rMzF3DpONCrw/w:720/sm:1/enc/jALEkcFZ3drFI2mm/zgDrqm_n8kQznyOV/7xUlbgLn8UlShjE9/8-ZYUwyuIso74GwE/SSkICYH_C1jdIHaZ/SsleF1Uy8zlz0pr0/CTCaxIkTjFuG6DwP/gllKzVX-udXJCL-d/kC0Ly813q_MMbXDF/5KyyDvLpJsDhhp8M/1-DxDRDNCK9kIR_U/jxBHmMcQw6vFglL6/9Glq5Jc_6l60RzfP/8jJWRect_l0K_zly/H15ER9ZuAkA"
"1771750582-7","https://eleveprints.com/en-usd/collections/t-shirts","Astronaut Street Style T-Shirt","$25.00","+10","","https://imgproxy.fourthwall.com/vk2ifFtv4ln_lqWRW76dYYh2K3CgWuxR-XI1Gyh-Rhk/w:720/sm:1/enc/Q4FMsHots9hMkTBS/IuRb63CyWhM55LRo/_xP-st-hPtAewZ2j/EmvwDp1wHCEK2iyr/6J6_dZQu1-qNyIzI/Jwrh3f-mECltbsvb/HoM0dJ6UQnZhz4bN/d6Bgnjor6qeYu5Lt/pIDNIAsKlTvFBpJS/h-FiSunrC7sS7pXl/8zA3mLk6Kuh4O5eY/WYHO4HCxID619CdB/b4diACEbmgaxhVMh/vTl_weaEcySqcTKz/dYpX-a0wuT8","https://imgproxy.fourthwall.com/J3wxf_1C-Azjyq0wAXAT28Oz6hBt2S5aLcpmA4Oktv0/w:720/sm:1/enc/K1EdhPTSxSEuhezi/gtrJYPZMI4sSX7qr/NnEmmO0oRRHdp7l7/JFpsGuWFx4VZDPZ8/JDPZQg_o8picXuGF/cQqERSXqciNn2esw/0VPeFpq1iF50csdX/2VebNLoVsr1siABz/CXvEiFQfctO8cRC5/WretyD65Jg8TlZeE/btamzAUo_ShQfevw/SHrFJqQyJNbKMJJK/n1fPUGD1-VITbsL-/ExYeh9_KTWcDwUzE/LDHuWLuktxc"
"1771750582-8","https://eleveprints.com/en-usd/collections/t-shirts","Multi-Angle Mosaic Men's T-Shirt","$25.00","+10","","https://imgproxy.fourthwall.com/I3jzKRY3UNqHYkm6ePQgxPEuATxjCZBal6WA2ab9s1I/w:720/sm:1/enc/AzQOoCQLfueSZQNT/blCpxlFeSGdqmfbf/Hqj8Er9mQzK7SqFg/BDZZ09ezC_r8vgOs/xoZbPa1dldGCKOFQ/rmmSP49Avja3yQbD/UK9YMiP3sIfedJ14/pA2xdF-wLygSnrCQ/-UW_YpBvFFwYc80k/AAHmHnjqcuT8iVxw/lBDnY_k1tqfOaKUs/nGuq4Hgt8XVLub4N/N14C2BSb6ogC2kJx/PdRGjzRRJi8E35xt/qVywgAgDcCI","https://imgproxy.fourthwall.com/QFA3hfhoy57dSVZ7FzMXCrb5YCILjcllHY-DX8Hv1Ug/w:720/sm:1/enc/sIyFn-9PUJaWZARN/eHcPIyq10e3qBbwp/M_I1k2wsUdqs2u9D/RjmA7P4b7-g6fiAs/bYMqqSxSloUQr_1b/Y2Hut2pTXgqL7YHa/gOcjrfFpffL4ndj9/KZJlt_wvlivK-pR5/-3Em7rJTld2CTBGA/0259GkOFmbCE8oZc/QciI0jEx8gIhymKk/EsoffBhNoSdkWa8q/Zn-6hTRC__TrsDPs/yXmG0953lwmxrGrg/7FUFHCm3p_8"
"1771750582-9","https://eleveprints.com/en-usd/collections/t-shirts","Angel Wings Comfort Colors T-Shirt","$25.00","+10","","https://imgproxy.fourthwall.com/vg3XfLYuPLlSBlrKgwidX3sgxZWdkK5_tLLbZtf6I9Q/w:720/sm:1/enc/WCpaP9EzweExe9x8/nLVzwon-mIBi5Vs1/wUf4r6RtpYO7oPij/XZZXaRHPyFOMYzOc/Fq_2EAA3w2WYY3Lg/_GKN046jkk26fgv_/NrAe-Cv-U8OYKagK/AIVuA2LOqXDWQLl7/LGMKyRKVZKXRIqBE/-cLHX0geQbLvpLTK/b3acjrwDWd66-tBO/pqEiiIkj1-L5iTH7/Zj7M5Jn8MF5R3dd7/FDzPZeWCPDK606Il/R9vNhoWX7E4","https://imgproxy.fourthwall.com/Ag-jqAtoKyCRmtEw9hPHHwOQlQNkehDaw6iJdYcsn-U/w:720/sm:1/enc/dczPHlb5EtPQufxD/-axlLCDhY1mK4WlU/pAmecwDv0liXT_Yk/uuqLNQEsPhqr3YSI/cyX2C37GxEClMLcK/tuPGbMlWyxh-4YgR/NmxagUwf2N5G5-bk/Vdu3Weyr8s-JEEcv/awvLrgG5Xt2GL-Du/sfot23Z9q_9qXuCC/4N-JiSvMO_dovM_Z/AfMQEiGnkTCk5PjA/eUFmgUPvRLaMjVUy/YkqQFXrZjAfhziLP/8VEKlEys4Cc"
"1771750582-10","https://eleveprints.com/en-usd/collections/t-shirts","Dubai Skyline Grunge T-Shirt","$15.00","+9","","https://imgproxy.fourthwall.com/RBApHeat0uBsgaKmeOsZA2Ra3a_GD9AfAfrTdN3KIFI/w:720/sm:1/enc/HPFJCp0g1uF5oWiI/Z3fkq8a2J08IE5az/mIpvGxBacUB4Kycr/CYwvLQN0JyX_h0_w/7KFSZoh824FUqSBD/GbuN8g9U6hhutoed/geHxgcIhj1FfnzO7/H_53dkN9tqH1pLf3/jpa08eVkkujTZuqz/Dv7T2j3_fL9_6_Ww/p6R3y9Vd0p5zrmc_/SIxH9bWVZq4u5hBn/YusaT-9SF-b4dlmh/7a5sHLiLjmeySDsa/vtXZmJcU9-U","https://imgproxy.fourthwall.com/syrXPxmqmjn-HEm2WVW79c4Zjyn_ta0IAO8VxcEDys4/w:720/sm:1/enc/sQOw1R6q91ppCez2/NwPL24phRkV1IJ1X/mzGcxZC48t_pXTY7/OIjU3jRfhFoAYBNQ/yJP8FP7Ar8W3lWN2/_n95J2MavyUkHvOj/90cdZbhWQ8yLKYfA/9QUlznUsr7QxIvFP/ybIVWXKRbUrkMY5d/DQFjm1opBqcrRuH_/IVvWF8IdZMav9Qa7/RLIo05eysrgoF_by/SYQsAZHvugdF0fj0/AQFg6TrxVGTG7ORP/pUMaa9FkfY8"
"1771750582-11","https://eleveprints.com/en-usd/collections/t-shirts","Gothic Rose Unisex Tee","$27.00","+1","","https://imgproxy.fourthwall.com/lAlMdHQ6wiuAL_4LlqFr3rypzSQBEJCFiu1ld0n2jr4/w:720/sm:1/enc/QXAkFboCbJomuERy/rdjv5NUk8pk7j0ls/JaokrUaSLpTLbpCQ/Bkrgkot-MXQy6IB_/O6zSmWNKrkfaxeqw/TP0up9O5FmDbsHjB/VskgKiLTcnrmGtkE/-6W5hkqdgZL6GfNQ/O6zkaz3_KccleFUp/MR2fL36PsY0XkZNh/Kl_fklJ5C4hy0cb8/fDvtt8IMzm2-mLRd/nuIJfOqaYTFaUw0u/ngeuFAmDF_4LFvwX/WGncGWdY5x8","https://imgproxy.fourthwall.com/Iwl9BjIQEGJLluBv0LtbNiaG1fdAkqrHaO8_cebD5o4/w:720/sm:1/enc/k5X-t6mR4F9WDVNM/ITwY89wxVuEylZWv/gqHpHBGzOENdOdsl/2Cm0KG91us2Ajj5Q/4TcED5-6jxlNU4Iv/9UOvRnrRKwYDLMEO/xnbjftMBnRSdzGCB/KSVl5Ou7reb0PpN9/3HxlacxOiRziSbBU/O1f1P1ips2j5qR5C/FMNiGjsOo-lqVCnn/77QhkT7HLCrX-4UX/5M88MzP-Znsb94AN/d-u2TR1Sn9tP9xDK/wPZAwUEtjXg"
"1771750582-12","https://eleveprints.com/en-usd/collections/t-shirts","Artistic Urban Affair T-Shirt","$25.00","+10","","https://imgproxy.fourthwall.com/frkd8zD_S3ADE0GLxf3pn024D-iUQyLPC45YHhus1yE/w:720/sm:1/enc/Rm4T4onBR1GMv4Qn/RouQjKlS9lw-clIf/E0tuSWXpVHvVqWS4/G3B7KWalyn5S5lxy/OeNS8rt-C9JRJWSn/lt6HNeguDV7jTbcT/rRUWYOwl-qapc470/aFnrnb308ZqsmcWY/wNHp4tz6-FDc2bKs/daZPo56wXhcu3zzl/Nfm9mC0J599xv50z/d03YkxaId0dwMcSB/gCWpmIeB6E9G_Ii1/TX1fCrbt1eCfKGzf/6u0-l1VizuM","https://imgproxy.fourthwall.com/eo53sWJ1K9-KH-T2CL0yeuE3AXRgsb7mTAZHPnEXVUQ/w:720/sm:1/enc/seOdxR3SpW6u2_ui/HwrZT8JnJLA-v8gd/3kSxRYFTo1I0sTEt/vh7oBt-THm9GJRPj/xiPvpG--VlRfNkxF/fJEfIeKfJRWm1OCY/lSDHjpY-aReVRfnd/WaYoVaqBSD59SuwS/XQ3mkKstv0M4SeSu/XRWculYorqF0UPrU/mtUKg41eXK4BJuvI/RHUsrWzODnPsfPkm/BF8jQauoygAKig6x/kO32uRhYvjSgo8c-/byLvhfLp3Zc"
"1771750582-13","https://eleveprints.com/en-usd/collections/t-shirts","No Gods Dollar Bill Pattern Tee","$25.00","+10","","https://imgproxy.fourthwall.com/ZqN_z82usW6LZ2Px7dPGWUXlMjuLSb-31vl-w-uDjZ4/w:720/sm:1/enc/CNnxgCbROqZlIVG1/Tw3cOZVI_N-luM0x/n-YuJEeP4U-biKrn/nfxTRwZQ7e0Q64P3/qyh5Gyc8QCKsatWn/aUggwc_NL2P4aWTh/QFq_qO-s-QRvN7e7/GQAIR4WTe2JhdayB/sRdDWTLqtEXPduSS/AvAPt6GC-J_e6pcm/yWizXea23Gnkt2Xw/iXM7j1416SgHqcCD/rM5G-INP1GpiQFcF/-biY88wC2PzHLpGi/TppuKHbqp9Y","https://imgproxy.fourthwall.com/f_CNe46__le47P0Q9CK-chbTQyZBu7EXIKahRhxagqc/w:720/sm:1/enc/srehvofTDeF9f3_Q/AjrrZxOmov-aJeBi/FCaDkuKC2YqRxIqB/-JTHv0fLxdZ5FT_e/AQxm320Ao62Nf5cU/IYDA2K5hBOT5kRNU/aWzSKuR_8VsxjJja/-wR8rDqvGmVipY5b/CI7llpE9v8lD3ZQf/KlyixhPdzkx_w9jc/j3JaM7rHOviPXp0A/uJ8xo3GZ3PsOuixO/Ee-S0NKihw85Bb07/tUzUEKDqnBbUrcVS/p_Gi7EKKDgo"
"1771750582-14","https://eleveprints.com/en-usd/collections/t-shirts","Mandala Mantra Comfort Tee","$24.99","+10","$33.99","https://imgproxy.fourthwall.com/vu4wmMIr-KN9FbD6z1jT1kpdqwcFwfmTTgqfu8v7pk8/w:720/sm:1/enc/EOYoMt3yqK1pA3mq/tFjAAqLyDlQHUfzP/j3cztFp6vV7fx_gY/Sj2WZ2Vv0Lhjw_rX/FM5LmIbgCmR3ztYO/GH5vhQg7knwUdm14/Ox912gIHHas7jOn3/ux1ZeTZ0zTQJEGag/adqLNNUHVrGWJHyb/OR-NcLILnVRLqKqj/XutcmXPEmYeA0iQu/1Eqi94jIC8eOuqKG/M3u41eDv8xJtqCIu/_5RNFfsNkGy9Y078/u_KJOK5nq9U","https://imgproxy.fourthwall.com/rPK4KPSojfcHoJxaYCtFQyR1h6f2_0fll7GfO8bsQZA/w:720/sm:1/enc/5pEXS9wvme0x_FFN/9AWZ4cR4ishvA3Rw/XsojajK16M9caTQQ/l2B6b6_ZsDffQxqO/rdV7BRlSpviqsh5o/FXaGI4iBmNsUi-Ue/DO_CDVAgmeqPWdC2/9KQf3LPv-A2NaGhQ/Vm09tlUhGcjhHniG/OI7Ki1vwKo6o00P8/zIB8YQQYzNZefqMx/O9wspXENQrztE4K3/mK0R7MaLKjm_pfmr/c-HZQ3_surlisZ7d/MvA82J-jGkc"
"1771750582-15","https://eleveprints.com/en-usd/collections/t-shirts","#NO FILTER Stylized T-Shirt","$22.00","+7","","https://imgproxy.fourthwall.com/z9VeFd2fY-1v8BswlgMdGkUQA7eLcXYUyszdungm8jI/w:720/sm:1/enc/uKG4_b0ls1nbsJ-U/tzqAY-zxkzmKPc9O/YH_EEgVVtk2GmqqI/1iJxnmR6WuGnUpWo/MH8GGc6ndT_UAxbR/XH0fjsilUHwhhT73/OzEoXZyfTn08TABc/RuOa0nmBIlWdKjm1/OEbVZ4kEz7r4UIUP/SxtEsK3xo6QR8D-6/wIFeNaNCnakGT1zq/3s45Ezdb2PyS741r/0BHHlE2JoiUxRYb-/rCnbjzBHbi9dOEue/8IqqCMr_eQM","https://imgproxy.fourthwall.com/03FZC-x4HH1BIHLse5B7uB0q-aPx0zwBw1XxA6sbxyk/w:720/sm:1/enc/_-76R3GS559kK0YG/4udeuH1LaEBwIt6_/MZ5svXirSOkaQQiA/FYN7WSEJa2n07Fn_/QbB81_alGDQAYLP_/1TNnYrCNMV99l1oW/ClTHT5QpDG0reV2p/MHZx-Kca9XyCzw3w/UbvCzIwBZn-9GGF0/fs_cpRt8qBF56T-S/Ut_9lW6fvLbd1sf5/LtBRGTYR4d7sfQFp/UlA9ejKusACfsXjs/bhH-vY4aGoQAeMQh/rlaJ72m7XNc"
"1771750582-16","https://eleveprints.com/en-usd/collections/t-shirts","Motivational Cut-Off Tee","$25.99","+1","","https://imgproxy.fourthwall.com/yWMvXiNTJskGknFKT7w5VkaAW4h5g6bzkHCTbVxwIo8/w:720/sm:1/enc/foy4JCmdD1jq5Qll/DnT_DaA_MISTUJ76/yh6D0F5bxyoVs-uf/lkIq2lhWnaf4VdpU/aJoiOyDShVa43TD5/-VX_e8cgm47z3hCk/SnM3SiFgacYP5nl7/uHW-P-xIJUrjlRUO/OrCx2PJuBm-bBAGX/zF6fCZf65A0jHFLi/5FQgMDzIsJ2sPOj5/ixZVNiQMpZZGEPrt/GHe6tbOMiwv2-5_m/LjRvNyZGrd-V4GA9/mJUGm9FmAAA","https://imgproxy.fourthwall.com/fxYSVASwnQ3xfCNXzwRpEqh39mdwLMf61_gos-3dTMA/w:720/sm:1/enc/iIAwJY6ruJdHtOvr/fh8oYRGD4lqzEyke/1pLOJ_6EXdwHufwm/wlalOJwv_957wABN/fcOHKZNAO7cU3C0G/8QSfuCb_GKA3NyG2/6mnSAMe9rHdRpsa-/dBgaL-nh21jI_drY/0qBnb5M6jEQFRLGC/BFM0-6j8kBUcw8gQ/dhXfRaN9CEu8SE45/N0m5LT2za-wzeD5c/nKtJdc2Z9SeI1unu/pRI001jillOj5weS/cCf-Db4RZg0"
"1771750582-17","https://eleveprints.com/en-usd/collections/t-shirts","Roaring Lion Graphic Tee","$32.99","","","https://imgproxy.fourthwall.com/VqIRUIij2FKVptyocDNqF2yZoJ6ZytTduG7M3OU6mUs/w:720/sm:1/enc/6E5EPUmyLF8kmHY3/AqlEseH1H4tRt0YH/OXeBAYGzTA8an73c/7aH0SpoQ8MTRG00V/iOllcdFz0goUaiHz/x4hLclP7Z6K79B-C/jtpldS8CByq6KRYE/c1BXgIAe827JsH70/5tsMVczqg6PzjTQD/xMtoWJ9AqjOxsDBC/lp_HEk8swnVcuYlq/5dICPf-bLWZhYE3H/YBwQ6oEJq8FBGLZ7/S1HRFF6wTlqG7YMK/jeQjcgPz-UQ","https://imgproxy.fourthwall.com/S6IvlsvnmaCc23XKt5PY-BkSBKZlyVWNieNXlZT6gks/w:720/sm:1/enc/dLfW1IR6vysGK24H/5_zHXvQcc5Gv2ivc/D1ntrCy92dCKAXII/uZm7jzZg0xk9gXjQ/0_steP4_Nc3YLi1R/1Fis2KGLLX_JxRRt/Mcl2HxWjdY9jKF3M/LcT9oEMqpOZiw9h5/21AHs4_ch15x1fJc/oUeorMNa4QCJYUpj/ATYxHGdrfxNR-ZLK/IlIuc8tT0OG9q4j9/sY8bICPsAv20O1gI/vyRPS9bh0Gsvn0Cz/fbcPjbTjYIA"
"1771750582-18","https://eleveprints.com/en-usd/collections/t-shirts","Bold Sports Typography Unisex T-Shirt","$15.00","+2","","https://imgproxy.fourthwall.com/6M1A4aGVhMdXzPSsIkzhl25Z3taY8uT1sZ111FuqO_M/w:720/sm:1/enc/RfTxRuGPr7DXj2l5/B6-dgkzKtjgllC16/g8ktE42DiHIBu1Cw/qkNtsPcbsyflwHIq/HTcrVbefIfN2mibE/b405AWOz5xGp13hz/fA77Xx4N0xLhWddk/1fNyIhJWFWkjb-Ec/rXL8NshHfN1SLIpZ/CslQUdUUkeWpq48Q/DqsL5zr8n4Jgi_eh/NkS1PI-Hc80bZ3ui/wodsioi6aKqnoI4u/7DH0z2sceqJ7PedR/mhPMcFl5x60","https://imgproxy.fourthwall.com/tyQPR79vhjmwgZUCyBJoeIc95xOw_AJnM-oxNs3ZeOw/w:720/sm:1/enc/fb0xu9lfy4YPE4fl/gIfp5E8kMjRzwpO1/tg3PKuohrJMYEMzJ/R9ojymP4LDseThIv/4XVjw4RQKcEhC8et/iy0kBmOPbpC6XVhe/RMxJivpwk0FGHTVE/KWJ1sCeT8J1cMC46/9nDVZFYpgdwLDATX/ihHPFI3lT489yK1x/MnZJFaDPzk5gaVp8/6MP9k5es_fN_ACqq/yCWbUTcZmcsUC1ne/NNpX5OH78X8oa8un/DplO1mgyNMQ"
"1771750582-19","https://eleveprints.com/en-usd/collections/t-shirts","Resilience Manifesto T-Shirt","$27.00","+11","","https://imgproxy.fourthwall.com/_K9Xq4lv6KE-9YHnB1zp65sIv_dm2dsXIrm6S11PDKE/w:720/sm:1/enc/qJmq6AFBXmADO84J/5EDD5txGNY5SRdaY/ih12-0avn3GRaWJY/TWkJC6mrOlvPX887/Aavq_cdWk7_sl73z/E_Z0r6AApYvm2YGB/KaENzp6lLbLLnhGg/GFWKWUutKNxZB96t/ZbRDFg7-1_79X239/DLstHUTDRu0zs93E/Zd4213ZIHFh--W-T/NJhD3BoTVdkiAUoS/rr0Qy9uNay-C1bIK/fyjdkugsseHZKqMv/5p46VSfa6MA","https://imgproxy.fourthwall.com/vgXxNnKxniNyP6VEv4yAsRZ5mNhWE-zQ4v7FmZcT55k/w:720/sm:1/enc/Sunhbsx3vxaQu-FV/tXdeAb9gbJ6RmZMH/2o3wbdL566PF2fFo/JIv3JZcDRZyA0Dhv/tcogtjGfWE9bDcJW/TDm7QS9yzA8hbTpv/5a4cKmttu17FbW1l/ZvP2dab2rfy4h4iW/Y9y--bctn1as0_6a/skAAukGLG-xN32lG/oWe6utVMU7OBl90o/NPvmXLPMXFG3A7al/bxjHBYOEvzKzPHkO/vYa1IK_R5B6P9GyP/q-czFLJ9SZg"
"1771750582-20","https://eleveprints.com/en-usd/collections/t-shirts","Airborne Slam Dunk T-Shirt","$25.00","","","https://imgproxy.fourthwall.com/aLwlChmuavZ297sOEoTlIIRjaBvxTN0Ap1cNe7AQTB8/w:720/sm:1/enc/iaZqtzLLlZnqZSFl/yX7rfi6H9rx1cTYz/0gZSE-tRST8ToFT-/a65ERmUFijT429xD/MMh8uEvyK0eRRMBJ/6to8D1jhq63pIT29/BiZ42olCZ2jgNePA/4jRHA0FDRMrwe61B/_vDJcBooBmXbrdPO/xuM2r4biLtAXJBld/HM4FZO8RTC4__F0d/5qV8PXm-YT3z105n/voy48uuoBJ3-30Aq/0wxllhuMnc6F9KaB/89sN_qbmSc0","https://imgproxy.fourthwall.com/C7t2b3B2rFp-NUDNlic9HMuV5tTDjBMf_zUxPLzyQFM/w:720/sm:1/enc/EY5dCSskHIJ2jGmA/1Ke8NQm3ECeP0EJa/EisPjRBzBzzqCGA4/YhmZrhUrNrXSmfR2/LMfuSyWXiThhE5HX/2aTMijbyewuBJTma/L-3dbrSQY_NDahbc/orkqIi3DM-I_NvFe/TLDO16ud-5X0r0MR/jA-cVa2grjDQQ4BP/74X_wVTaAecBOE3M/oYgA2frJPMKYCSE9/-PTeXtC3svVJ2W6l/iWk3hoX3iJ_smOLZ/C_sAk4eT8hI"
"1771750582-21","https://eleveprints.com/en-usd/collections/t-shirts","Cool Vibes Emoji Graphic Tee","$41.00","","","https://imgproxy.fourthwall.com/joniOIhswnD2gk9b4TIH0TbnO5H9p-ZJ4couNb0t3ec/w:720/sm:1/enc/f6RvRoAk-JSDSP6t/c4bDXtnHNGk8R4on/dHeS36rhU614N-ch/bsEvu3raLvJZPAzY/uTwdwr-IXvw1cNZ1/H1C6Iro4ua9E2N8h/AxIccb9LuYX2hk72/s0pFFTePnx7bfu1S/0gdIBE5cG-NsVZ9I/TphXlZa9hfyJ23nv/M1OTsWpl5UZkdnDM/Vaa7IBPsmBh3jrX8/U5jO2WOrcFDtTIOb/ol8AvlAxFaOlOJeO/WJWd0KGc7ts","https://imgproxy.fourthwall.com/0LdM5sb78r2OXy0PUOBZaasgWuFhRJprZ8VnRDZ2rr8/w:720/sm:1/enc/jK6nIwkE_AS5X7sM/JhSJZqKLTd6HY2QT/KJoORgDtq9GURO9h/8aH0ep18M0jGmXS3/qaDMAD1stJOeVTEJ/-kkxhdJRZvVb9mHN/xPkuRPnK-1HKa52d/3YkWc50bU6uP3s3U/5qx8aPNf0niwSEsY/O3vu-TfzDkaf_eUk/HM575jkmuKZyrBrJ/Yx3Wnxi4rAWJu5t4/NrZZDnvYCgAp8wlF/yN5fN1NGhRSbbEQH/56kV7arJcno"
"1771750582-22","https://eleveprints.com/en-usd/collections/t-shirts","Empowerment Mesh: Believe in Yourself Sports Jersey","$25.00","","","https://imgproxy.fourthwall.com/hmnqJYhPTmA_JuOimQqyBZnnPdNIRj-r4pDXRgnrJd4/w:720/sm:1/enc/etMw0cCjic7ZQzIl/KGOlFRK8BdZh9wRY/DdSuNeF_lDsxUJT0/oIJHj6TWULiMK3u_/9-KwrliFQOXh6VC2/lNuh5XkkkRe3RnWZ/3QAIMSjSP5vYN_yr/TnCHLV8V0jwtSlic/zgXqpCCcepitS-sJ/0iww7BRmVzknDYG4/aSoPsh4jjwe1aSht/ijiebchohZ9RKeFU/5bA6gmNAICTKaWjg/y0hDkizosDW4linA/5soVIqzCg5M","https://imgproxy.fourthwall.com/bZ90rURuZJRhbLe61W7hbg6u7yX-uaeo_ZpoYcmCKpY/w:720/sm:1/enc/lhkK1wWd3keiYEDN/kM-YrQc5C1uqNX4e/Fr6kZL1tuBBZDWmD/t1SektVG3QR2gWtL/w6CjtV6sF3RXFHaT/Xv4xfRmByT80seiN/UwpRjC5t4TXH0X7h/IYEth7Ss7mTu05ji/fb-ybgjXpt3LHxsJ/d8b9j8vi7EFFmaPZ/Bz9uxJz9FRO4PPhN/1P37cms7QVm6xtXK/WiAzAeqn8IcekgIO/KtHJOyKV5WXRJ6fP/bbQGvhNrCtc"
"1771750582-23","https://eleveprints.com/en-usd/collections/t-shirts","Heartfelt Love Women's Relaxed-fit Tee","$24.00","+5","","https://imgproxy.fourthwall.com/yz6EfOdYRw50FYP0uRoT2G87xDv6iWnNk-Mh8-5pPWY/w:720/sm:1/enc/tmMMGoO5OzYBLhyd/3hJpLTBzeSJ99uf1/FVcitdARD3cCx9sj/J-2NtBxfS4veFiEO/-0cKSH9khQwtj8bU/jbKxyFxBBDrFAJja/UQzLLLJtQCUAGfQC/tZxuS8N_2YuD5xgs/fRbbujs5ed1GiA1U/2nMy9E1-l1S9HGvl/yS5xx46NqHIQBM-e/wja3HzLVNtDOyWyM/8myqTA0y5x2umJVe/FKDO8scI1dTADxQA/HXFZztR5SxY","https://imgproxy.fourthwall.com/V0D5k-BfBuo_BSuNy_nx1d87pi8L9wnytj0xPQjE-pM/w:720/sm:1/enc/2RkSchn2dxwGxKUq/Df0JJqXJuTI95kaz/iaDlSPbefUOg6fFs/vB1QURu-1jEQ6tBx/gV4VpflhHYHMH18a/sZixG0YZL_KyG1IB/o0swWOZ2J4WtfpbL/SQBl9YBAcu4Wz9nF/eTmj4U-QIeI3xEWk/V7wHgBHx_-UPtDpn/oLeT_77K85vDobkP/JDQuKvG3zohvGJac/tVHNmAONY_n8rLrg/gCYIwBsxCyocmIhN/AqFa5cRjEfo"
"1771750582-24","https://eleveprints.com/en-usd/collections/t-shirts","Aqua Swirl All-Over Women's Athletic Tee","$44.00","","","https://imgproxy.fourthwall.com/xnoSmC3N80uQONJdRdrq1-VpIERsZepBIIFd71xXyaY/w:720/sm:1/enc/3jBmt8YpPvhvZ4-m/_Cj76A0mHPJkfymf/-d-ESq1_jBSVT3Sk/qXYN_2ZLL3gOGXU6/brMwlbeZWnR-ESI1/RnFy-qEHPhx68rOW/7rB_cKZpoDImsL_6/3YsmmLTO8amtdFDu/mJSvgRZJORVBfV4t/0AkG2XQbRSNlpj6A/86d2zPJcgNDSTuWU/grma1HpJ_eP-NZ0c/a5foMx-BJQ2IQ3Mw/6cJgsmF7fgyA8Syk/W34A92NO7tA","https://imgproxy.fourthwall.com/grH0UNmEPxvMZqEnU3Wll1mBmB4Lw77ig6PtMmy99MQ/w:720/sm:1/enc/ZQWMfQtfedHieqf2/mTOx7ey0fiXAWAUR/hIhDEqRoDGKtwFoD/pGco9CAEwoun9MIs/zXbVERkcPhKBO35t/sUzi8l1t0I9cZWoe/0HkuxSsRBX3C_b5-/Uwetxl-tUvdTLkQL/IYk0SfOtSpwoDnxL/y6LQh3bqs7O_QycI/AjGqokke_gmw53BU/QMw24t5nCgSkxJJ-/2jH3GCmBArO-hXGH/0eX5qdzLG_9ExjDO/WBsOu11A8d4"
"1771750582-25","https://eleveprints.com/en-usd/collections/t-shirts","Dynamic Leaf Fusion Women's Athletic T-Shirt","$44.00","","","https://imgproxy.fourthwall.com/iKrBjaOx1fT0paFyqtVz-LZVAswUuxqtLpt0_tPYJfs/w:720/sm:1/enc/Pz4IPCOxazZnLCzK/Q-klY0Yy9dtb9U_H/F4Butb8aDv8V9Y2b/UqBnVxjaf67vB0rY/rhmLxvb1riCw1i9n/EO4dKi2bghbuo6R6/cQt1AKLRcDhMHkss/BTgicFR0JBdyLcre/ofnpJHIfCeQYr8Pi/gtyJg6A9b_gfNqlC/-hGQbEI1XyUHP9WL/5puKkGNBPEwtOp2_/-TH4myifyJxBVANP/5zllqHYI21QKqHg5/cuWrFcKPGnY","https://imgproxy.fourthwall.com/2eRo9FXHabjdd22pVT0atMDVCzFOm2tbZzY1uIZdawQ/w:720/sm:1/enc/zMkYt_nEEiH9O1i3/TpYWVBIBqew0aFjT/MRONLIwkM4hlUqLy/vTck5crcIVEM-r2O/UzfoI35m8LwcsQZS/9vBuQAvlsVfHdTRD/6WwttWdszEukiRjW/G51rQlv9bomp932u/JPBh9qEajYXtZy6M/xekVIm4Ao6aPo_wq/1MkN5_Qr6NrTwtDv/9Yan8OowxeRC-qfH/cb_aRNeBapS16VDq/M90VvImYgQFWSQmh/XPAQI__-2Hc"
"1771750582-26","https://eleveprints.com/en-usd/collections/t-shirts","Customizable All-Over Print Women's Athletic Tee","$44.00","","","https://imgproxy.fourthwall.com/rLahLTfe1aEU1UxDGwDfovOZnjgcC_Jezb7sq-x3t0s/w:720/sm:1/enc/04VMYbXtSqLxodFc/GaqM5BaICRmGJmBX/lBakRJfOh1q_pcNu/k-9J4imYJvSQWZr5/8KkkaFUaViK-uReX/4DqrkI8ZvUKN_HUQ/_X1wkXP8epUDI7LL/MoBwvdO6IcH2Sw4C/4X9QWbWqEnP0Z3R5/UMFoXg1AJP7UUE0h/0ocIkTCoqXhrNeI2/aE8xYLyK-jiAxQ9q/ROojMPJSYp3jTfF4/KPGKiPoABPaX3GXp/v9Xokp9sXMA","https://imgproxy.fourthwall.com/1F0JDYSS1E5qx-Cf7fXZBoCKm6n53mF4wX31U6rPdDU/w:720/sm:1/enc/n7b_45nsyBkmEL6w/GrQgBGK9GQt7zp6-/Ce8AlA4JW3_6r8ZG/eqKYme0xQSWf5Iss/GHT2htry2-Gyd7-d/QNPRhVHg4KqKbCF1/AGW6kfd93p0DbEjn/LM3XQKY2N2AyqxYq/9s3tuaUaPkgE0CtS/RQK1qI-ciWlzNn0H/6d9W4YuW-QUc_y6x/W69ytSmFHsm9OZ47/s16IQo3SSInaeeCa/bszWDiqxuc1N9dCx/XevCND8fRZE"
"1771750582-27","https://eleveprints.com/en-usd/collections/t-shirts","Cloud Nine Women's Athletic Tee","$44.00","","","https://imgproxy.fourthwall.com/du9O-r1-eeWrIhjXDLxMhVzF1UmP2TgAPrmgyYVQuJI/w:720/sm:1/enc/_DCfS-ZaCAAsq4Yo/y3H294vF-ouDJ8SK/ic1FuDX2G7xUiypq/206aDh1YW_WpZfni/5oyMZ8RnApxXnuMn/y5ITVL3zhXfU45j7/PsZDkuzub0y_WeEa/KbMrnCo6KAGWCq-1/qJtSSflt1ov5shFg/kOgMwrhEyq1njMJZ/mOgJidOTAqll8DOL/uq6Z0rXkEMtewEUc/z2A3ieZDDdoV2MOt/B3fCVMcBG_khI1K-/ej7CUzcwu0E","https://imgproxy.fourthwall.com/B5iWp7QccxKpPp-uKLF0cuGw5NyJibWCYg2uo2DaIWw/w:720/sm:1/enc/gd-7VzJ1WJTU2dUL/pS_dKeyu8xa__RGb/nEwFJYozhQrsoEsX/gzSNXvmsJPMibV0J/WqXbUjqPp5Qa8owK/VLXMsA272M0CoLVY/-mQC2fLwxhuIwRBs/zz7yDNO3Js0DVO41/M9Q16Q_MNsWyFijS/RH0adHYkkz7Lj1hv/TubXzSo3EwjweV2K/kCn7h7ZjeaC3Nsog/cyZQoY8tlmsrI3UW/gD4tHi6gKum6ooj0/eI-4wQctd5Y"
"1771750582-28","https://eleveprints.com/en-usd/collections/t-shirts","Radiant Blue Tie-Dye Women's Athletic Tee","$44.00","","","https://imgproxy.fourthwall.com/mMl4Naj69Ik5mZXiVpalk-a9LwOaVvsMNjQTginMC6A/w:720/sm:1/enc/svfpgTCeMRlG231E/c_cmyL4CZuEBpca_/JrVLquPN6k-YuNOW/iah60J-9P7wGPcEg/WDKIMUdUOAbVL3aC/m07hBG-TtaSzLhKZ/huz0wPILQ6vZmuMj/EC5zjdkEvR6TS43S/fT2OuVP_8E84dbow/NuADJu72KXeYVqoY/AfbstbtyVDiCsaUA/YgGoI1JHg5EGMiUL/ARsPBcitGa7meuAw/8uog15IQ1E1ledfC/r4wDgY_9oC4","https://imgproxy.fourthwall.com/d2NPhdhAlZ7Izy9sYkbtD-owokyviEwL7cMLC38VH2c/w:720/sm:1/enc/lAbpUDyNneXsnfDU/ojXyV4xkdUqUl30d/bg1uQLGii4LTzkuE/4ELhmgZo-2e8maLX/RaejAZavxghrAJZ5/jgmXGaNC1R1WbcBe/NqRP698MbhWe48nT/UWh4W1qm7km1XpoF/sZrB3IeL_gvQfeqY/5PIotrBt2pcnrW2N/fRZoG77e0vBI1lN6/aDonLgWYgDQvBIkH/KSJNrQpQOOEhFxQ4/bIjknttIIeGoq539/QDiJB7BhBog"
"1771750582-29","https://eleveprints.com/en-usd/collections/t-shirts","Zebra Waves Women's Athletic Tee","$44.00","","","https://imgproxy.fourthwall.com/aJg59jfL5NUyO_5Xz7-5omqdXOL0RBJ1QaL_VHxOn7w/w:720/sm:1/enc/n9QJb0rxOJZBRtqU/DaaUMirynD3WY2_3/Wo8RjsOK1wzDVBdR/RDrXqazKYOnlelvp/ZnOC7hSV78EZ1T8o/mv0c45ir2NsN7_yE/my8LtNR8MQNY6Da6/WCo3ig480cAGzxGJ/BSXrtGAOrXkQMMVH/dRD51ZcPCDJKkdp7/WLNJyMeSR5Gs8q85/FQ9JRFH9H1WMT0dp/0nIkmn6kLWB1maWH/uK8BbbwyVHr1WmX8/VpaKpqjOo-U","https://imgproxy.fourthwall.com/UHgbXKUu1_BOEqX0w5KZqgzmiTaw7sfY3RHsqpHpeVc/w:720/sm:1/enc/Fik56TQ284gFRW9x/M3XNHfIBKZ-v6RWo/v5q2wbD67l-LAowy/9GiZDGe09kSwZd32/n7QUmzX_Ot0bIh2l/kgAarw8_JxqPT1Mw/QTvprsXKD-Nqc_F-/XrNSKHAuYsf0YDOA/VYrop6ov1Cxp9FlU/lLHXyGtvmvqP3xuQ/WL6LJjKfXMvgoXyx/8gEXbJHxUg08ghX3/FBYVGE2AJ53BAOyr/5Mb4hpI798C9pnrT/UQHNj3ASqyQ"
"1771750582-30","https://eleveprints.com/en-usd/collections/t-shirts","Butterfly Dreams Women's Athletic T-Shirt","$44.00","","","https://imgproxy.fourthwall.com/XreMvWh5tDB5mFMycsd3eFW6UQ2QAdVzjBCOUWyqoeU/w:720/sm:1/enc/EHrRhPqO3MySk72D/s9Xrtf2mOep9InRb/kPvXzn95fyYleO6p/iJFwgqbF-zroc6wN/XXjuwGoldgE7xv5F/QFNj5vJYVt2GzQsv/FYo9Dz7SgR3DOpzX/ZO1bYFJxDFpV0agZ/3rREBJr94AHdcuic/alsR6y6cSZQ7mydl/Z2IxoODfvvtqdyn3/JXXDk6IFND3eBcGv/rZv0UEyASlFA_590/k0d5rH3XqeJiB8eN/Kvb45yD_UVE","https://imgproxy.fourthwall.com/Z78LQcUz_PSQuiC1sF0B5U4uB2N4umCEPb43LtbLljY/w:720/sm:1/enc/rHbKxGxIcLrY6LtV/5nqkRjkOkWRHF9aZ/VjnO-TOAGZ1wWJCg/17c9bz4Rpil_yH12/Dy24woazdI47DCZV/Gx-65VgPy7hQ1D8M/o7perbs0ZnyZxl2p/AqviS8ueeb-M3aCk/CmgXaP3NI52WHvXI/U_65N-63RcpWaCot/U1zPyoMFJmvmAKA_/WIR7Z4ibZgY7WW0Q/rrkQkdasQvo5ZsMM/N_vWsQxnVVnCr_3i/h1raZ6ZKGw4"
"1771750582-31","https://eleveprints.com/en-usd/collections/t-shirts","NYC Landmarks Illustrated T-Shirt","$25.00","+10","","https://imgproxy.fourthwall.com/oIJgxNoEm9weUrAAetYlu3cB1ayGURxTc5CosY2AaaY/w:720/sm:1/enc/Zj8SU4kGJveHkq3t/9du1qi5k8umSHVbh/20P1D3xj_AmhVXGU/7nFjDHaUpIwc1J9T/sF8ZZRxQ86NbOnCq/TZpFTaaDmFvaHa0h/dvJjPFQE9fGuKzWM/EfFLWfo3BzIOj7JD/-jeHpuj0j5uW57uG/tevtcRvPyUcyBQZE/DwTSbGhjNnqdiO83/m2O2VJ9dJbv8g15D/VzGdo0oFeLaA4eh1/i7tJfu3h-ie5isF_/TagOFPwPcnw","https://imgproxy.fourthwall.com/e9g0SCToi2C7hU9HFbNq1Vu3n62CCQg3FAjQIKQHUSo/w:720/sm:1/enc/iTq0F4WaauNpxitZ/hp630lr8zQtZaPQq/YW0D6InfV92lib_f/iN7RSIUkJ-8VbER6/wRrwzqBHjL8fq4Al/9ZSgkHFMTXH-THxt/ydVNgb2G-D0q5um8/Pi8NAS7yR-DaTi8x/GE7eFQbtLCDN-uPa/JlPLq5Wjiwh9_UcK/bDzZx-R3FHY9tKP1/QvdJ593pIFUIZh9r/GwtYQvveE6OUlLMu/nsjcP_K0XHVkGXPl/Gfg0A2ieYMY"
"1771750582-32","https://eleveprints.com/en-usd/collections/t-shirts","Bionic Angel Wings Unisex Pocket Tee","$29.00","+5","","https://imgproxy.fourthwall.com/7SP82NDkrrh9JUQqxr_gUIyDYF953k3i0nxNvtWhgKI/w:720/sm:1/enc/dW_vkFZedKkUvSX4/PejxELXWfdWPfx3Y/69ICi8L5lHxwBp3Q/2qaDr_Tlxtqu7daa/rseKNTtHjkwHt3ix/CT0Li-t0WRYEa1Fd/S_8MfvObY-7AHCgz/Kzd2GGcUDhTYf8iz/WYz38PMPoOrCdaS2/mcqQT8edPnuYlUzM/_1TvGG8Nmf6i9-0w/Kn0IPupdCVBkABsP/Mdo84FcHifE8AdHg/ZPZVjmlgCx1O-X6b/mgKOugyXawA","https://imgproxy.fourthwall.com/xq3_u9ZhqwWFPzxvmwMS5Y6lINHl5O4O0Wa_5fIDfIo/w:720/sm:1/enc/o7uQvYPNNPIR7SBE/MQLKK59vE-rYwJYd/HUafw-eivm5nqDCr/nGBuviCFqvre_-F5/66phychRt7_CgMuM/gBXBcrNH7GQg5mYj/sPgDeoXvTO6qEAKF/ojUr4d9A4KG6aJwl/BwTRCrGAElSjHrlQ/rUP4GGILomgGD9v2/odFrC8b26pIotSXY/VhB8N3VDbQnfgCJO/aWyy0EVX9iXF4Nc6/6njLaauoQ88ObnXY/UbDNH7rYDes"
"1771750582-33","https://eleveprints.com/en-usd/collections/t-shirts","Vintage Classic Car Sunset T-Shirt","$25.00","+10","$39.00","https://imgproxy.fourthwall.com/JLu8dYIpO6O6whOG64LBIFnX-55_HdykIHEFAlPoKN4/w:720/sm:1/enc/U92_px3DbYEF_xDy/1r1_USHiPpNJz_Dk/-DbGp4YHDIBnSQaL/2X7MGCBNB9uoNUxT/KR_g6KmbcDVXY6IS/0Dbyr-jCCsr8GQ8K/MVGFnF_OO5MINjxL/oWuzLq3NE403P4WU/kKQB7rafwS3szlAK/T-RyJdocLO_8hP3I/SVjVzMnQkRF1MjII/ZdQVZASIbSh4NyIq/mJM6e5hVWEl0tjSA/C3ncdK0Pn8qK0O-Z/pvEQ_JC2NFg","https://imgproxy.fourthwall.com/QDIzvNUpTOMi2iLfHyM9vwOZpdgYQOTehMgI_VORhuo/w:720/sm:1/enc/l6LJI6MO49c4owug/4EB6sTXow_v5prGo/QKEB-GF8XFEpAUrR/1RBXAHFJd9rP8yzG/gGRATr8J4wBSpGTL/Q-q4YiRO8jDqF1pD/j4AgPA07XvIzs4F3/V06bGJstnV5hV7YS/gziZAyWwUuPSjYlE/5m31zGFG4RIJUKy9/LelNoDc9bFnBPxXu/kzh3yRVGMoDRTTet/mHUvlakKp-chZ5Lo/KVbv5aANyLkGTMX-/O-4oNQppe_E"
"1771750582-34","https://eleveprints.com/en-usd/collections/t-shirts","Rose and Serpent Long Sleeve Tee","$25.00","+8","","https://imgproxy.fourthwall.com/aXPdvscDrSeKXgQ3T0wPT3t0k_c1TR24RWNlpfE2KOU/w:720/sm:1/enc/Ed6o_mAkHqf_KoGc/aakwwNYtvjf_ns7C/8UP20zd55-PmvKF6/9fx4SOdsN1RXqaIG/Bq8QdliEYUd_6eHU/TeF5bfeLhv1Up_D9/d4ZvqAAVNv4OAMAl/rovhVYBA-Zyr6qmf/NIGT4dDGS6zeIUtx/W4eUpa-XpGm5M-tN/tsdIIv_V-PK2UR-f/EhU-1aZAJX6fVb9G/04zURPHHNr7tIUpQ/sXUqjHj7Pe1mbW_I/GQINzcfex5w","https://imgproxy.fourthwall.com/kEd4Ck3lYd-R7yjW6b_Q_CVLjWG3JB1rFLg0iQaWmZY/w:720/sm:1/enc/wZIZlmI3zZa2la_z/vaQBwNNaz3urXJcN/P5kEQJrxJrs_ib8s/B5wVMipy07PV0win/F1RFdGZep9c89S2B/DdSc-rHRGgn8ij3a/W3CVIdBkboMpMxSd/3BFNSQp7QcfbQxBW/L0uc3xfbUxIdTE8O/qnXSqxVj8CG8j5qb/Gw5J3TbaUhhO7-AU/pxjjUsqrYUaCNtMz/yh-PQgLkxtyYHolA/r7V0Bpohz4DyXsF0/uFZFG5LswQY"
"1771750582-35","https://eleveprints.com/en-usd/collections/t-shirts","Colorful Skull Cartoon T-Shirt","$15.00","+3","$29.99","https://imgproxy.fourthwall.com/wjFgFUwhZ27JBeSJ9tE9reEJ3bdRYT87ZtnwegG1Op4/w:720/sm:1/enc/TfpJWGInUeJlRkjY/wVQgPMiMg1-UiaOm/j4oY7pJqDUh3-yFw/m_bh-ZsnkPnI_038/XB2VMnRQI0fHg739/aGw_1ovMfNACuPAH/qqJi0VsFkDtdoN1i/zu9mzB4-29ckfEBL/x5xS9LHKm0DNuJGF/3mhZamHoUGWtbedM/CngGc7zOHwejME80/7kqmy9_xyG5rp7Nx/QKLYwR6OMR4xoR9Q/iXt-4AmNU66h9qNm/Owx0QPdcrok","https://imgproxy.fourthwall.com/aQKnTWuICPrNgO6sZC1sOuMq5vCg-JYey_Bv-ojrjVs/w:720/sm:1/enc/KjDQNcR5MsSS4Cds/1KkOskuGO0rNNeZx/OkKiD1mWUYdrIFpP/t6e1jBs5cdq1eT41/uAHAvYDDI7_sjqKJ/TrpNfIk1hxe8cBEj/TmYHAm6yHcQD9HVb/C3T9o05ebTGqMeGR/ZDqiDL0-0Aho07IJ/t8sVoxbVy-9Jpbt3/iujfkn1crO85hEKf/7oWpVuB-afDhH-BV/4XNXw6uPG7Fs09m2/o0TIXf5hti0_6xi3/Qjbq6-RuON4"
"1771750582-36","https://eleveprints.com/en-usd/collections/t-shirts","Elongated STRANGER Graphic Tee","$26.00","","","https://imgproxy.fourthwall.com/QzpSHkEbH7mSweUvzkM5apjKXK2OSOURi8zLivRgaXI/w:720/sm:1/enc/l8YaskcTrRshISCr/rvnQh6wEumn6Tqwv/QiFUJcTrZghJZNrb/IPoSsuPlkHNC1f8q/xBfoUzw7sBOfhF_j/evp61Z6bkLF-dA7Z/nPeA7_VbsfOxbmxs/PgWt24_mF5VbjuAB/4VfGSQX_vJs1d5T_/S5FyeMaBzZyBYjvZ/m1D6rLSfnJ1j-RbX/2tXQp4944T0aqPSt/DHltvC7_M0UuZrKx/k8STW24k9YJ5EVHi/AdVBmPI9ido","https://imgproxy.fourthwall.com/_tbA2k2_N7q0QCXqUVPX0ALLO2uoRiKxqYRgR1mmzl0/w:720/sm:1/enc/dfbX2T4_cWkcmZTX/uxqADkogED7mayL0/odk5ejWhUjxBCJRg/Ny-rUPwRUGFGTM7n/cV7z6BNHNGA7Hnmw/7nrf3UgjMJFiWVAL/e_GAXjCIbV8mJm2w/M6Z29FRZpJaHRl0h/mE5CGPZD-l5g6l_6/y7Hf_4GUQfElrPd0/E_nsGcAH2QUxz56P/wOTQYLYcTd_t7OiB/DTg3ziq6cnrZnw_C/RFmLiMxvuFyThhSC/O3JjBgzNRtk"
"1771750582-37","https://eleveprints.com/en-usd/collections/t-shirts","The Legend Tee","$25.00","+10","$39.00","https://imgproxy.fourthwall.com/JlnrvB28Q-46Jhd0H5UsPE_9XETmSC54XegbWXv-c94/w:720/sm:1/enc/uLBI8XJuecXmsxO4/os8CHXcM8dA9ZIZd/i1clytNJFQtq0Ddx/IBZTq2-R6giK8xSb/k0Ie8QIQruRrM9uz/cy6M9kvj48QBtflt/5bVc4sgZqsknWC7A/gu8deELZUJp-G7hK/g_PKo-vYn0HqzXXL/d74A_ftJvi1Cfz2d/rgO7Cb6GfV4c3kBI/GfR-BccvfOngA7ND/_Xwp4aA_sXDXr45m/1kwmIbyxdKlvitoO/AeabFP2lnnA","https://imgproxy.fourthwall.com/bvqBPNeHCj4_q4IbNr5F5DMHK6zkF2yjc4k6eDhel9g/w:720/sm:1/enc/evIBqIHXZCCdP72J/siUP4PH6HCcl4lH-/ouAfnrmM2GN_off2/gTCWs2lbSMYJTqbE/i4cRp7RSbalNDva5/L_8tkaz3JfJu_kKe/hUTfVF0ICW_Ge9NE/Jg58lakWa7NSZB0c/N2HyOIi-rWvFICuS/MJUMrUhJ9U5xtPAI/-D81mEce9yWRIc8V/Zo53t9WFUgS3mcmj/qEOc93XxBsfNLDxJ/jFpsXvfIaZWVOqZo/KUf6TIgMOxk"
"1771750582-38","https://eleveprints.com/en-usd/collections/t-shirts","The Legend Tee","$26.00","+3","","https://imgproxy.fourthwall.com/Quhqg_CxHOJakUH044xhkMrfuwqIhlUedWZ-ATplIfg/w:720/sm:1/enc/NdlzC8pGIuoroca7/wx5RpPdT222TCnWB/66hNWI7eob2Ug0OS/vC7ElzLt7Yrs8HL2/3m-C_XA2CYwU3NHP/2ljiXWOWN6RHvLZ1/fDyy1X-wpHuUuVvC/2pxivvAKC3eWd_T_/RKG3auOt2vcutLPK/1c_iW_oCf3mvAOQ3/vwZnR1zIvfzubfGW/lgxk6BxKWWKKq4Do/BXjKxvJ2dn-H3AA9/88WUAGugu3BdSFBC/Zhd-FkV9vDU","https://imgproxy.fourthwall.com/BCuQg0v__hI0Kps2G2Al9kkjb6GccMJwH7TXPAGHbl8/w:720/sm:1/enc/hMJw_bka4VRuq8nR/hkiHEtHw3tDbksce/q8c4bJ9OmlgsSXxD/jLdjbDRfFBqqrmCr/upS1c6M8AY9J9HNY/SLShyLZE79wSmhQT/uN9UUaiyMPBoZqKz/96GmvdgFYQPeKiSy/443bqKwAoJZ_TWcx/Yqfuf_OnlEcS_8aY/0IVozfV-q-NCR4Uu/QsyuJEKh31yJuIVv/uyleRCghyUsY71bX/y9bTY2DgvfchD2Oi/TkNoYq78xpE"
